{"combined_rouge_score": {"rouge1_fmeasure": 0.07731911540031433, "rouge1_precision": 0.053437426686286926, "rouge1_recall": 0.17593839764595032, "rouge2_fmeasure": 0.01698099635541439, "rouge2_precision": 0.012248318642377853, "rouge2_recall": 0.0348699726164341, "rougeL_fmeasure": 0.06615269929170609, "rougeL_precision": 0.045585766434669495, "rougeL_recall": 0.15551398694515228, "rougeLsum_fmeasure": 0.06615269929170609, "rougeLsum_precision": 0.045585766434669495, "rougeLsum_recall": 0.15551398694515228}, "combined_sam_score": 0.3267024755477905, "negative_rouge_score": {"rouge1_fmeasure": 0.026694515720009804, "rouge1_precision": 0.01947922818362713, "rouge1_recall": 0.07492462545633316, "rouge2_fmeasure": 0.003553269663825631, "rouge2_precision": 0.0020383098162710667, "rouge2_recall": 0.014514653012156487, "rougeL_fmeasure": 0.023537857457995415, "rougeL_precision": 0.016621185466647148, "rougeL_recall": 0.07004870474338531, "rougeLsum_fmeasure": 0.023537857457995415, "rougeLsum_precision": 0.016621185466647148, "rougeLsum_recall": 0.07004870474338531}, "negative_sem_score": 0.14006401598453522, "positive_rouge_score": {"rouge1_fmeasure": 0.07397531718015671, "rouge1_precision": 0.049039822071790695, "rouge1_recall": 0.24947115778923035, "rouge2_fmeasure": 0.018299324437975883, "rouge2_precision": 0.01231833454221487, "rouge2_recall": 0.05259726941585541, "rougeL_fmeasure": 0.06944414973258972, "rougeL_precision": 0.045682184398174286, "rougeL_recall": 0.24186624586582184, "rougeLsum_fmeasure": 0.06944414973258972, "rougeLsum_precision": 0.045682184398174286, "rougeLsum_recall": 0.24186624586582184}, "positive_sem_score": 0.4687950909137726, "root_rouge_score": {"rouge1_fmeasure": 0.13411115109920502, "rouge1_precision": 0.09685417264699936, "rouge1_recall": 0.2522549629211426, "rouge2_fmeasure": 0.022762108594179153, "rouge2_precision": 0.016250835731625557, "rouge2_recall": 0.04617198556661606, "rougeL_fmeasure": 0.10999616235494614, "rougeL_precision": 0.07879240810871124, "rougeL_recall": 0.20925912261009216, "rougeLsum_fmeasure": 0.10999616235494614, "rougeLsum_precision": 0.07879240810871124, "rougeLsum_recall": 0.20925912261009216}, "root_sem_score": 0.4647379517555237}