{"combined_rouge_score": {"rouge1_fmeasure": 0.08125091344118118, "rouge1_precision": 0.07790161669254303, "rouge1_recall": 0.1296340823173523, "rouge2_fmeasure": 0.026902470737695694, "rouge2_precision": 0.024648208171129227, "rouge2_recall": 0.04787660017609596, "rougeL_fmeasure": 0.08125091344118118, "rougeL_precision": 0.07790161669254303, "rougeL_recall": 0.1296340823173523, "rougeLsum_fmeasure": 0.08125091344118118, "rougeLsum_precision": 0.07790161669254303, "rougeLsum_recall": 0.1296340823173523}, "combined_sam_score": 0.291805624961853, "negative_rouge_score": {"rouge1_fmeasure": 0.023915104568004608, "rouge1_precision": 0.023191392421722412, "rouge1_recall": 0.03365384787321091, "rouge2_fmeasure": 0.005643812473863363, "rouge2_precision": 0.005288461688905954, "rouge2_recall": 0.008012820966541767, "rougeL_fmeasure": 0.023915104568004608, "rougeL_precision": 0.023191392421722412, "rougeL_recall": 0.03365384787321091, "rougeLsum_fmeasure": 0.023915104568004608, "rougeLsum_precision": 0.023191392421722412, "rougeLsum_recall": 0.03365384787321091}, "negative_sem_score": 0.15432621538639069, "positive_rouge_score": {"rouge1_fmeasure": 0.17729631066322327, "rouge1_precision": 0.15971806645393372, "rouge1_recall": 0.2954059839248657, "rouge2_fmeasure": 0.06509257107973099, "rouge2_precision": 0.05987333878874779, "rouge2_recall": 0.11177884787321091, "rougeL_fmeasure": 0.17729631066322327, "rougeL_precision": 0.15971806645393372, "rougeL_recall": 0.2954059839248657, "rougeLsum_fmeasure": 0.17729631066322327, "rougeLsum_precision": 0.15971806645393372, "rougeLsum_recall": 0.2954059839248657}, "positive_sem_score": 0.5235592126846313, "root_rouge_score": {"rouge1_fmeasure": 0.023915104568004608, "rouge1_precision": 0.023191392421722412, "rouge1_recall": 0.03365384787321091, "rouge2_fmeasure": 0.005643812473863363, "rouge2_precision": 0.005288461688905954, "rouge2_recall": 0.008012820966541767, "rougeL_fmeasure": 0.023915104568004608, "rougeL_precision": 0.023191392421722412, "rougeL_recall": 0.03365384787321091, "rougeLsum_fmeasure": 0.023915104568004608, "rougeLsum_precision": 0.023191392421722412, "rougeLsum_recall": 0.03365384787321091}, "root_sem_score": 0.3687044680118561}