{"component_rouge_score": {"rouge1_fmeasure": 0.11860443651676178, "rouge1_precision": 0.10030268877744675, "rouge1_recall": 0.1940194070339203, "rouge2_fmeasure": 0.0173612292855978, "rouge2_precision": 0.014082232490181923, "rouge2_recall": 0.030766906216740608, "rougeL_fmeasure": 0.09967884421348572, "rougeL_precision": 0.08390168100595474, "rougeL_recall": 0.16611413657665253, "rougeLsum_fmeasure": 0.10186614096164703, "rougeLsum_precision": 0.08638393133878708, "rougeLsum_recall": 0.16826826333999634}, "component_sem_score": 0.3090885579586029}