{"component_rouge_score": {"rouge1_fmeasure": 0.5199748873710632, "rouge1_precision": 0.4929341673851013, "rouge1_recall": 0.6343486905097961, "rouge2_fmeasure": 0.2955082356929779, "rouge2_precision": 0.2850188612937927, "rouge2_recall": 0.3434542119503021, "rougeL_fmeasure": 0.519598662853241, "rougeL_precision": 0.4923337697982788, "rougeL_recall": 0.6340388655662537, "rougeLsum_fmeasure": 0.519598662853241, "rougeLsum_precision": 0.4923337697982788, "rougeLsum_recall": 0.6340388655662537}, "component_sem_score": 0.5509766340255737}