{"combined_rouge_score": {"rouge1_fmeasure": 0.13177631795406342, "rouge1_precision": 0.10534343868494034, "rouge1_recall": 0.21625615656375885, "rouge2_fmeasure": 0.04730040952563286, "rouge2_precision": 0.03608633577823639, "rouge2_recall": 0.10206922888755798, "rougeL_fmeasure": 0.11724378168582916, "rougeL_precision": 0.09308385103940964, "rougeL_recall": 0.1934661716222763, "rougeLsum_fmeasure": 0.1175006851553917, "rougeLsum_precision": 0.09335709363222122, "rougeLsum_recall": 0.19371137022972107}, "combined_sam_score": 0.25818750262260437, "negative_rouge_score": {"rouge1_fmeasure": 0.03222768008708954, "rouge1_precision": 0.02232992835342884, "rouge1_recall": 0.11691813915967941, "rouge2_fmeasure": 0.002523257164284587, "rouge2_precision": 0.0017021544044837356, "rouge2_recall": 0.008572053164243698, "rougeL_fmeasure": 0.028539622202515602, "rougeL_precision": 0.019291628152132034, "rougeL_recall": 0.11174385249614716, "rougeLsum_fmeasure": 0.028539622202515602, "rougeLsum_precision": 0.019291628152132034, "rougeLsum_recall": 0.11174385249614716}, "negative_sem_score": 0.2215844988822937, "positive_rouge_score": {"rouge1_fmeasure": 0.16586175560951233, "rouge1_precision": 0.12117332220077515, "rouge1_recall": 0.40215224027633667, "rouge2_fmeasure": 0.07237124443054199, "rouge2_precision": 0.053060196340084076, "rouge2_recall": 0.17536434531211853, "rougeL_fmeasure": 0.15740646421909332, "rougeL_precision": 0.11391177028417587, "rougeL_recall": 0.3904471695423126, "rougeLsum_fmeasure": 0.15784306824207306, "rougeLsum_precision": 0.11435922980308533, "rougeLsum_recall": 0.39087429642677307}, "positive_sem_score": 0.5191004276275635, "root_rouge_score": {"rouge1_fmeasure": 0.16186636686325073, "rouge1_precision": 0.13418637216091156, "rouge1_recall": 0.2622348368167877, "rouge2_fmeasure": 0.025939198210835457, "rouge2_precision": 0.021559299901127815, "rouge2_recall": 0.04260984808206558, "rougeL_fmeasure": 0.13268503546714783, "rougeL_precision": 0.10980559885501862, "rougeL_recall": 0.21667353808879852, "rougeLsum_fmeasure": 0.13276225328445435, "rougeLsum_precision": 0.10990464687347412, "rougeLsum_recall": 0.2167368084192276}, "root_sem_score": 0.44044360518455505}