{"combined_rouge_score": {"rouge1_fmeasure": 0.24136576056480408, "rouge1_precision": 0.2248474657535553, "rouge1_recall": 0.33512401580810547, "rouge2_fmeasure": 0.13962092995643616, "rouge2_precision": 0.13022391498088837, "rouge2_recall": 0.22553150355815887, "rougeL_fmeasure": 0.24120306968688965, "rougeL_precision": 0.22456273436546326, "rougeL_recall": 0.3350101411342621, "rougeLsum_fmeasure": 0.24120306968688965, "rougeLsum_precision": 0.22456273436546326, "rougeLsum_recall": 0.3350101411342621}, "combined_sam_score": 0.2593233585357666, "negative_rouge_score": {"rouge1_fmeasure": 0.03757207468152046, "rouge1_precision": 0.03243091329932213, "rouge1_recall": 0.07145026326179504, "rouge2_fmeasure": 0.005542900878936052, "rouge2_precision": 0.006045485846698284, "rouge2_recall": 0.005846621003001928, "rougeL_fmeasure": 0.03757207468152046, "rougeL_precision": 0.03243091329932213, "rougeL_recall": 0.07145026326179504, "rougeLsum_fmeasure": 0.03757207468152046, "rougeLsum_precision": 0.03243091329932213, "rougeLsum_recall": 0.07145026326179504}, "negative_sem_score": 0.23319482803344727, "positive_rouge_score": {"rouge1_fmeasure": 0.45677846670150757, "rouge1_precision": 0.3972592055797577, "rouge1_recall": 0.7192609310150146, "rouge2_fmeasure": 0.2626603841781616, "rouge2_precision": 0.23807701468467712, "rouge2_recall": 0.4369780123233795, "rougeL_fmeasure": 0.45677846670150757, "rougeL_precision": 0.3972592055797577, "rougeL_recall": 0.7192609310150146, "rougeLsum_fmeasure": 0.45677846670150757, "rougeLsum_precision": 0.3972592055797577, "rougeLsum_recall": 0.7192609310150146}, "positive_sem_score": 0.6522621512413025, "root_rouge_score": {"rouge1_fmeasure": 0.0923057496547699, "rouge1_precision": 0.10895977169275284, "rouge1_recall": 0.08477599918842316, "rouge2_fmeasure": 0.021314676851034164, "rouge2_precision": 0.028094155713915825, "rouge2_recall": 0.018944572657346725, "rougeL_fmeasure": 0.09198033064603806, "rougeL_precision": 0.10839029401540756, "rougeL_recall": 0.0845482125878334, "rougeLsum_fmeasure": 0.09198033064603806, "rougeLsum_precision": 0.10839029401540756, "rougeLsum_recall": 0.0845482125878334}, "root_sem_score": 0.33277425169944763}