{"component_rouge_score": {"rouge1_fmeasure": 0.12748125195503235, "rouge1_precision": 0.11290619522333145, "rouge1_recall": 0.18697287142276764, "rouge2_fmeasure": 0.02005057781934738, "rouge2_precision": 0.018109139055013657, "rouge2_recall": 0.029056508094072342, "rougeL_fmeasure": 0.10633119195699692, "rougeL_precision": 0.09407074749469757, "rougeL_recall": 0.15826043486595154, "rougeLsum_fmeasure": 0.1091032326221466, "rougeLsum_precision": 0.09714602679014206, "rougeLsum_recall": 0.16095532476902008}, "component_sem_score": 0.25876671075820923}