{"component_rouge_score": {"rouge1_fmeasure": 0.6267127990722656, "rouge1_precision": 0.5780801177024841, "rouge1_recall": 0.7582067847251892, "rouge2_fmeasure": 0.4461122453212738, "rouge2_precision": 0.4174310266971588, "rouge2_recall": 0.5410658717155457, "rougeL_fmeasure": 0.6258239150047302, "rougeL_precision": 0.5771163702011108, "rougeL_recall": 0.7573250532150269, "rougeLsum_fmeasure": 0.6258239150047302, "rougeLsum_precision": 0.5771163702011108, "rougeLsum_recall": 0.7573250532150269}, "component_sem_score": 0.5230621695518494}